{
	"name": "singleplayer_extreme_modpack",
	"version": "1.1.34",
	"title": "Singleplayer Extreme Modpack",
	"author": "Sadawys",
	"contact": "sadawys@wolke7.net",
	"homepage": "",
	"description": "This modpack is created to extend/modify existing modpacks specially for singleplayer purposes. It tries to add all stuff that works perfectly together to create complex singleplayer maps together with many known mods and biter stuff.",
	"factorio_version": "1.1",	
	"dependencies": [
	"base >= 1.1.0",	
	
	"aai-industry >= 0.5.19",
		"aai-containers >= 0.2.11",
		"aai-programmable-structures >= 0.7.4",
		"aai-programmable-vehicles >= 0.7.24",
		"aai-signal-transmission >= 0.4.7",
		"aai-signals >= 0.6.1",
		"aai-vehicles-chaingunner >= 0.6.1",
		"aai-vehicles-flame-tank >= 0.5.1",
		"aai-vehicles-flame-tumbler >= 0.6.1",
		"aai-vehicles-hauler >= 0.6.1",
		"aai-vehicles-laser-tank >= 0.6.4",
		"aai-vehicles-miner >= 0.6.4",
		"aai-vehicles-warden >= 0.5.3",
		"aai-zones >= 0.6.4",
		
	"Advanced-Electric-Revamped-v16 >= 0.6.10",
	
	"Aircraft >= 1.8.4",
		"AircraftRealism >= 1.5.2",
	
	"alien-biomes >= 0.6.8",
		"alien-biomes-hr-terrain >= 0.6.1",	
	
	"angelsaddons-mobility >= 0.0.11",
		"angelsaddons-storage >= 0.0.10",
	"angelsbioprocessing >= 0.7.24",
		"angelsexploration >= 0.3.14",
		"angelsindustries >= 0.4.18",
		"angelspetrochem >= 0.9.24",
		"angelsrefining >= 0.12.4",
		"angelssmelting >= 0.6.21",
		"AngelsPetroChemExtension >= 0.0.5",
		"AngelsSmeltingExtension >= 0.0.5",
		
	"ArmouredBiters >= 1.1.6",
	"?AsphaltRoads",
	"Asteroid_Mining >= 0.9.14",
	"AutoDeconstruct >= 0.3.7",
	"Automatic_Train_Painter >= 1.1.5",	
	"beltlayer >= 2.0.5",
	"belt-balancer >= 3.0.0",
	"beltSorter >= 0.9.1",	
	"?BetterBots",
		"BetterBotsWLK >= 1.3.11",
	"Big_Brother >= 0.5.4",
	"Bio_Industries >= 1.1.10",

	"bobinserters >= 1.1.7",
		"bobassembly >= 1.1.6",
		"bobelectronics >= 1.1.6",		
		"bobenemies >= 1.1.6",
		"boblibrary >= 1.1.6",
		"boblogistics >= 1.1.6",
		"bobplates >= 1.1.6",
		"bobmining >= 1.1.6",
		"bobores >= 1.1.6",
		"bobequipment >= 1.1.6",
		"bobpower >= 1.1.7",
		"bobrevamp >= 1.1.6",
		"bobtech >= 1.1.6",
		"bobvehicleequipment >= 1.1.6",
		"bobwarfare >= 1.1.6",
	
	"?BottleneckLite",
	"car-finder >= 1.5.2",
	
	"cargo-ships >= 0.1.22",
		"cargo-ships-graphics >= 0.1.0",
	
	"Clowns-AngelBob-Nuclear >= 1.1.19",
		"Clowns-Extended-Minerals >= 1.1.24",
		"Clowns-Nuclear >= 1.3.16",
		"Clowns-Processing >= 1.3.16",
		"Clowns-Science >= 1.1.2",		
	
	"Cold_biters >= 1.1.2",
	"Companion_Drones >= 1.0.25",

	"deadlock-beltboxes-loaders >= 2.4.2",
		"deadlock-integrations >= 2.2.0",
		"DeadlockCrating >= 1.7.0",
		"DeadlockStackingForAngels >= 1.2.1",
		"DeadlockStackingForBobs >= 1.2.3",
		"DeadlockStackingForVanilla >= 1.1.3",
		"?DeadlocksStackingForPyanadon",
		"Kux-Deadlock-Stacking-Bio_Industries >= 2.2.1",
	
	"DeathMarkers >= 0.4.0",
	"Dectorio >= 0.12.6",
	"DiscoScience >= 1.1.3",
	"Enhanced_Map_Colors >= 1.5.5",
	"even-distribution >= 1.0.10",
	"EvoGUI >= 0.4.601",
	"Explosive_biters >= 2.0.4",
	"flib >= 0.12.5",
	"stdlib >= 1.4.8",
	"factorissimo-2-notnotmelon >= 1.2.3",
	"factoryplanner >= 1.1.59",
	"far-reach >= 1.1.2",
	"FARL >= 4.1.2",
	"Flow Control >= 3.1.4",
	"FNEI >= 0.4.1",
	"grappling-gun >= 0.3.3",
	"HallOfFame >= 1.15.0",
	"helmod >= 0.12.14",
	"ick-automatic-train-repair >= 1.1.4",
	"ImprovedCombinator >= 1.0.14",
	"informatron >= 0.3.2",
	"Inventory Sensor >= 1.10.6",
	"jetpack >= 0.3.11",
	
	"LogisticTrainNetwork >= 1.18.2",
		"LTN_Combinator_Modernized >= 1.0.14",
		"LTN_Content_Reader >= 1.0.3",
		"ltn-cleanup >= 1.0.17",

	"map-tag-generator >= 1.2.5",
	"miniloader >= 1.15.6",
	"Mining_Drones >= 1.1.10",
	"more-minimap-autohide-017 >= 1.1.0",
	"multi-product-recipe-details >= 1.1.1",
	
	"!Natural_Evolution_Buildings",
		"!Natural_Evolution_Enemies",
		"Nova-Natural_Evolution_Enemies >= 1.1.01",
		"Natural_Evolution_Buildings2 >= 1.1.0",
		"Natural-Evolution-Enemies-Research-Fix >= 1.0.2",
	
	"Nightfall >= 1.1.1",
	"nixie-tubes >= 1.1.3",
	"PCPRedux >= 1.0.3",
	"pipelayer >= 0.5.1",	
	"qol_research >= 3.3.3",
	"RampantFixed >= 1.6.2",
	"RateCalculator >= 2.4.8",
	"?RecipeBook",
		
	"reskins-angels >= 2.1.6",
		"reskins-bobs >= 2.1.5",
		"reskins-compatibility >= 2.1.6",
		"reskins-library >= 2.1.4",
		
	"robot_attrition >= 0.5.13",
	"Robot_Battery_Research >= 0.2.1",
	"rusty-locale >= 1.0.16",
	
	"SchallMachineScaling >= 1.1.1",
		"SchallRecipeScaling >= 1.1.0",
		"SchallPipeScaling >= 1.1.1",
		"Schall_BobMachines >= 1.1.1",
		
	"simhelper >= 1.1.4",
	"simple-air-cleaner >= 1.1.0",
	
	"!space-exploration",
		"!space-exploration-graphics",
		"!space-exploration-postprocess",
	
	"spidertron-logistics >= 2.1.7",
	"Squeak Through >= 1.8.2",
	"Tapeline >= 2.0.9",
	"TheFatController >= 5.1.2",
	"Todo-List >= 19.3.0",
	"Transport_Drones >= 1.0.14",
	"tree_collision >= 1.1.0",
	"Updated_Construction_Drones >= 1.0.6",
	"VehicleGrid >= 1.4.0",
	"WaterWell >= 1.1.2",
	"WideChests >= 4.1.0",
	"YARM >= 0.8.207",
	
	"Yuoki >= 1.1.03",
		"yi_engines >= 1.1.02",
		"Yi_Tech_Tree_ExtraVanilla >= 1.1.5",
		"zJatmnYiFixes >= 0.2.21"
	]
}
